M0,g,gv,ch,cl,GammaTotWp,WH,WZ,BReve,BRmvm,BRtauvt,BRud,BRus,BRcd,BRcs,tb,BRlnu,BRqqbar,BRjets,gH,gF,gH_mod_X_sign_gF,gF_mod
1000.0,0.6534,1.0,1.0,0.0,3.4623919,0.4970694,0.5004949,8.127983e-05,8.127983e-05,8.1279446e-05,0.00023142586,1.2413636e-05,1.2413599e-05,0.00023142516,0.00023290017,0.00016255966,0.00048767825,0.0007205784,1.0,0.0,1.0,0.0
2000.0,0.6534,1.0,1.0,0.0,6.7031155,0.49935722,0.50021094,5.0756253e-06,5.0756253e-06,5.0756194e-06,1.445169e-05,7.751857e-07,7.7518513e-07,1.4451679e-05,1.5056053e-05,1.01512505e-05,3.0453739e-05,4.550979e-05,1.0,0.0,1.0,0.0
3000.0,0.6534,1.0,1.0,0.0,9.994757,0.49972174,0.50010103,1.0025324e-06,1.0025324e-06,1.0025318e-06,2.8544832e-06,1.5311389e-07,1.5311385e-07,2.854482e-06,2.992601e-06,2.0050647e-06,6.015193e-06,9.007794e-06,1.0,0.0,1.0,0.0
4000.0,0.6534,1.0,1.0,0.0,13.298539,0.49984494,0.5000583,3.1720305e-07,3.1720305e-07,3.1720296e-07,9.0316365e-07,4.8445514e-08,4.8445504e-08,9.031635e-07,9.4894017e-07,6.344061e-07,1.9032182e-06,2.8521583e-06,1.0,0.0,1.0,0.0
