M0,g,gv,ch,cl,GammaTotWp,WH,WZ,BReve,BRmvm,BRtauvt,BRud,BRus,BRcd,BRcs,tb,BRlnu,BRqqbar,BRjets,gH,gF,gH_mod_X_sign_gF,gF_mod
1000.0,0.6534,1.0,-0.556,-1.31637,25.792461,0.020410102,0.020322036,0.080840796,0.080840796,0.08084041,0.2301758,0.0123465825,0.012346545,0.23017511,0.23164238,0.16168159,0.48504403,0.7166864,-0.556,-0.562,0.556,0.562
2000.0,0.6534,1.0,-0.556,-1.31637,50.993633,0.020238653,0.020219348,0.080185495,0.080185495,0.080185406,0.22830999,0.012246502,0.012246492,0.22830983,0.23785782,0.16037099,0.4811128,0.7189706,-0.556,-0.562,0.556,0.562
3000.0,0.6534,1.0,-0.556,-1.31637,76.32595,0.020205608,0.020197256,0.08006568,0.08006568,0.080065645,0.22796886,0.012228203,0.012228198,0.22796878,0.23899941,0.16013137,0.48039404,0.71939343,-0.556,-0.562,0.556,0.562
4000.0,0.6534,1.0,-0.556,-1.31637,101.69114,0.02019395,0.020189296,0.08002386,0.08002386,0.08002384,0.22784978,0.012221816,0.012221813,0.22784974,0.23939827,0.16004772,0.48014316,0.71954143,-0.556,-0.562,0.556,0.562
