M0,g,gv,ch,cl,GammaTotWp,WH,WZ,BReve,BRmvm,BRtauvt,BRud,BRus,BRcd,BRcs,tb,BRlnu,BRqqbar,BRjets,gH,gF,gH_mod_X_sign_gF,gF_mod
1000.0,0.6534,1.0,-2.928,0.34198,38.634567,0.44509637,0.5245799,0.0024237928,0.0024237928,0.0024237814,0.0069012,0.00037017895,0.00037017782,0.006901179,0.0069450526,0.0048475857,0.014542736,0.021487787,-2.928,0.146,2.928,0.146
2000.0,0.6534,1.0,-2.928,0.34198,63.195732,0.46811727,0.48350975,0.0040123435,0.0040123435,0.004012339,0.011424237,0.0006127937,0.00061279326,0.011424229,0.011901991,0.008024687,0.024074053,0.035976045,-2.928,0.146,2.928,0.146
3000.0,0.6534,1.0,-2.928,0.34198,92.15277,0.47077593,0.47735602,0.004314556,0.004314556,0.0043145535,0.0122847175,0.0006589497,0.0006589495,0.012284713,0.012879129,0.008629112,0.02588733,0.03876646,-2.928,0.146,2.928,0.146
4000.0,0.6534,1.0,-2.928,0.34198,121.715836,0.47162175,0.4752745,0.0044210413,0.0044210413,0.00442104,0.0125879105,0.00067521294,0.0006752128,0.012587909,0.013225925,0.008842083,0.026526244,0.03975217,-2.928,0.146,2.928,0.146
